Total Return,Sharpe Ratio,Max Drawdown %,Win Rate %,Expectancy,Exposure Time %
-57.06093164019571,-76.00259003192447,58.22886269582122,0.40372394283068497,-26.361151584596808,12.778786553843782
