Total Return,Sharpe Ratio,Max Drawdown %,Win Rate %,Expectancy,Exposure Time %
-92.53145739696696,-50.165701650717004,93.66143713024186,14.638461822884201,-17.39240511729718,47.82724209768268
