Total Return,Sharpe Ratio,Max Drawdown %,Win Rate %,Expectancy,Exposure Time %
5870.194036678577,-3.26411313405608,33.85695147165964,58.96414160403423,4171.6103476857625,50.182737069519824
